sy;19
sy;17
8;2018-11-21T09:19:01.450
8;2018-11-21T09:20:19.572;abcd
7;2018-11-21T09:33:11.141
10;2018-11-21T09:34:22.159
kolac;16;2018-11-21T09:35:47.516
null;4;2018-11-21T09:39:29.388
null;8;2018-11-21T09:47:51.121
kokos;6;2018-11-21T09:52:25.485
banik;10;2018-11-21T10:50:06.537
honza;5;2018-11-21T12:07:52.190
misa;14;2018-11-21T20:36:22.787
honza;24;2018-11-28T11:17:00.976
null;0;2018-11-28T11:56:30.866
zidan;10;2018-11-28T13:02:20.101
null;0;2018-11-28T13:02:53.369
null;41;2018-11-28T13:03:47.776
kolac;24;2018-12-01T14:55:51.169
kokos;17;2018-12-01T14:57:29.017
banik;20;2018-12-01T14:58:49.159
zidan;9;2018-12-03T10:52:30.568
honza;16;2018-12-03T10:54:50.981
honza;56;2018-12-03T19:16:19.955
zidan;7;2018-12-05T09:50:56.194
honza;11;2018-12-05T09:51:55.381
banik;18;2018-12-05T09:56:55.379
honza;26;2018-12-05T11:17:15.154
honza;13;2018-12-05T12:54:10.032
